{"cameraMode":{"drawMode":0,"name":"Shaded","section":"Shading Mode"},"sceneLighting":true,"audioPlay":false,"sceneViewState":{"m_AlwaysRefresh":false,"showFog":true,"showSkybox":true,"showFlares":true,"showImageEffects":true,"showParticleSystems":true,"showVisualEffectGraphs":true,"m_FxEnabled":true},"in2DMode":false,"pivot":{"x":1152.3897705078125,"y":573.2984619140625,"z":49.090576171875},"rotation":{"x":-0.0033058959525078537,"y":-0.047385308891534808,"z":0.00015683345554862171,"w":-0.9988724589347839},"size":472.5937194824219,"orthographic":false}